photo_id,source_filename,sha256,expected_brand,expected_line,expected_vitola,expected_slug,wrapper,notes
band-0161d19ab3a8.jpg,PXL_20260415_214337178.MP.jpg,0161d19ab3a830a1c028dd10de65fc641ce524ac69c6bd5066acc2a749d58d35,,,,,,
band-01a76517bea0.jpg,PXL_20260410_211006633.MP.jpg,01a76517bea0f0d7ada7b2bfe5f9ae3e1c8b8da667c9fb711994d6fda081d4be,,,,,,
band-01cf1b076898.jpg,PXL_20260528_222549022.MP.jpg,01cf1b07689825dbc1a51c1e34b9bb454e5b7a33556717bc8cc1d173c5373a0c,,,,,,
band-01db8aecfbe8.jpg,PXL_20260419_182201218.MP.jpg,01db8aecfbe8a75cf5ceba19b2fde8a9961b9dfc19c9aca592ac7c8a150019f7,,,,,,
band-02c5edd09590.jpg,PXL_20260419_182423962.MP.jpg,02c5edd095903e712cec6ce68673d30b2a8507a3ea5b400b3ace369f3400aed5,,,,,,
band-0301b034dec8.jpg,PXL_20260410_211047829.MP.jpg,0301b034dec8ab8e01fddd0dbe6118c7cf073ef318890b9ef3178cf97c9ea061,,,,,,
band-03070e9d9249.jpg,PXL_20260410_210908481.MP.jpg,03070e9d9249ef02810eedde97d950d079db6285b35474ed03de809f0317d7bb,,,,,,
band-03592a1a0d2f.jpg,PXL_20260410_211927814.jpg,03592a1a0d2f092b64deffdaaa1e86eab8af00f886b38d57983e785577e5eae8,,,,,,
band-068dd44ca959.jpg,PXL_20260410_212032238.jpg,068dd44ca9591cc016ecfcf43b27e86194596128c07ff87aca8196ab1d80c3a5,,,,,,
band-06aea6f31f18.jpg,PXL_20260410_211529659.MP.jpg,06aea6f31f1834807739906293f5b3b3133258ca52b770d441d076f205c50e88,,,,,,
band-0722dcd121c1.jpg,PXL_20260410_211729479.jpg,0722dcd121c1f45943c69fe88b4eb30af9f75aa0fe949e6cfe2b9102bda50d4c,,,,,,
band-077d89a92cb5.jpg,PXL_20260410_210400890.jpg,077d89a92cb53a7df671d9a7f6c7b93a2572fab379ca8edade2e51beece486a4,,,,,,
band-091c38586d27.jpg,PXL_20260410_211407794.jpg,091c38586d27450c7ed1d42fb6b59f0de0f264ccc0dae4866de804ba1c1de121,,,,,,
band-0968bfaa9fa2.jpg,PXL_20260410_211806949.jpg,0968bfaa9fa288524eaaaf432d108f468242ec7e43a6f7cd3d4e24f1a2560777,,,,,,
band-0aab938c7809.jpg,PXL_20260419_185225264.MP.jpg,0aab938c78092eced4a8d6684e50540aa8bdf8c05f1610e831b2eebcf6fcc0a8,,,,,,
band-0b13f2a5880e.jpg,PXL_20260410_210453469.MP.jpg,0b13f2a5880ebb4a1923fb9a8c24cd61642e04e409a435f9504d2e715d157afa,,,,,,
band-0beb437bd536.jpg,PXL_20260419_182154290.jpg,0beb437bd5369dc828fc9565dbbb81be96a174c293a0c64038aa7bd8d72915c7,,,,,,
band-0bee53e7ac80.jpg,PXL_20260419_182435159.jpg,0bee53e7ac80986ed3e973c5f3f397c466996de4c3dcacb8b5285fc6da283c5a,,,,,,
band-0c03642cd3c1.jpg,PXL_20260410_211309661.jpg,0c03642cd3c14b6d1a7742ad0ee57f7de52c3b1d5b44e3d1658c9d1d2e9bd321,,,,,,
band-0c9ce5dc0bcb.jpg,PXL_20260410_210631406.jpg,0c9ce5dc0bcbcf28d7d80ae9401e7cfc038cee79d45da861bd76f0882fe3f864,,,,,,
band-0edf38af4860.jpg,PXL_20260410_212057095.MP.jpg,0edf38af48605898d337ad423848d9fbf7c8fb09b6b222f53ae939145bed2721,,,,,,
band-0f06766f1344.jpg,PXL_20260419_182413328.jpg,0f06766f134441a249f949442e8a77b0fa1f42242a52afc42f6722de27ff1ab2,,,,,,
band-0f22b73873b2.jpg,PXL_20260410_210950992.MP.jpg,0f22b73873b2d622ddf3326530134bc0455d006ddfb8b71399c5e9948f06dc87,,,,,,
band-0f85c04d7503.jpg,PXL_20260528_222516319.MP.jpg,0f85c04d75030fcc5dab661e7ffe0a6ce5d0b5b951b798c9506d6ba4c2ef811c,,,,,,
band-0fa61e90d3a0.jpg,PXL_20260410_211125028.jpg,0fa61e90d3a0bf1eb16e635784697eeb97b5e4c45fc7f51fc66b94d94dddb500,,,,,,
band-1057ffd512e1.jpg,PXL_20260410_211726072.MP.jpg,1057ffd512e1d5794ed3b6e08a4c15678d33048a0760e9ab2c25d17385ed430a,,,,,,
band-105e88cfd766.jpg,PXL_20260410_211901184.MP.jpg,105e88cfd766872e52a32864b79c354201429cb8acbb084dcc149889d2bf6fb4,,,,,,
band-10d30233f697.jpg,PXL_20260410_210529345.jpg,10d30233f697ff6715eb3808f8818bedd62bcec192e8e3efb97263a6d96a1d73,,,,,,
band-10f7580ee74a.jpg,PXL_20260528_222544363.MP.jpg,10f7580ee74a46d28cc9d96865ae467624ca8c472105aeaf5b3df2b04d3d480d,,,,,,
band-113954e4f825.jpg,PXL_20260419_182330333.jpg,113954e4f825ce845159dbd29aed32c95092faa499db394e011f5cdfd493f900,,,,,,
band-11995d8b7b90.jpg,PXL_20260410_210414267.jpg,11995d8b7b90e9618cebfb68560a15748a706861e5d0a1344ebd53f3edeb07a0,,,,,,
band-11bcfa9616b7.jpg,PXL_20260415_214437260.jpg,11bcfa9616b7584b8c46bd189fa711f547484070657cef3eee792be86f5c8c6f,,,,,,
band-1360d6d747ee.jpg,PXL_20260419_182347125.MP.jpg,1360d6d747eed3f1fed2416b8f98ec792075ba1095940e96e8416c8bec37ded3,,,,,,
band-151903d0f8e4.jpg,PXL_20260415_213420842.jpg,151903d0f8e4e96f892353c4b94f5c790ff9a8defe595964c40e2cae2449c8e4,,,,,,
band-159b91c8dbe9.jpg,PXL_20260410_211104626.jpg,159b91c8dbe96d6c8b740b2f0b51feff5ca0a949801b641cf9a78e1d2566eeef,,,,,,
band-15d4af929132.jpg,PXL_20260419_182228056.jpg,15d4af929132a8a9240598b91f59b2b60f2831d2b23a2805902dbd8409f8552b,,,,,,
band-16043254378c.jpg,PXL_20260410_211046037.MP.jpg,16043254378c765d5f5b2249a4b93158129f9c7ccd8b14e53abf96c2afbf6924,,,,,,
band-162348a9350a.jpg,PXL_20260419_182544673.MP.jpg,162348a9350a70e3068b9578e88dbd7a8ff65bda7ae0bcdeadb61af3e9915cef,,,,,,
band-1715f075f560.jpg,PXL_20260410_211251607.jpg,1715f075f560731933fbabb852c707e47ab8b1de2580ca08181a304be3855c40,,,,,,
band-1729a2560fb9.jpg,PXL_20260410_211110603.jpg,1729a2560fb94e7ff05a2ccb5ad91cd666693fe7ad04f795dc5184c4bb9ded3d,,,,,,
band-1745a224eb81.jpg,PXL_20260410_211027332.MP.jpg,1745a224eb81ac447b51a59869f99a49ef99732f7179d4d1f8eb6fb157b03a58,,,,,,
band-17d891116a83.jpg,PXL_20260419_182357382.jpg,17d891116a830204571cebd426a3d7f35dd54477daf4dfa147812673b137660a,,,,,,
band-17ed148f4072.jpg,PXL_20260410_211238765.jpg,17ed148f4072c09eec01ab7d24c40de2129b36e5926b0fe8a68ecf64a72403b8,,,,,,
band-17f741cb3d7a.jpg,PXL_20260528_222255331.jpg,17f741cb3d7a3d9621ee0d525ffe18f0f05ddf00f013c8bf8b138be9fab78c4d,,,,,,
band-18f387286e85.jpg,PXL_20260528_222402178.jpg,18f387286e854d64b21896d5bc91c335475be05d29a3f7ee0bb959195a201703,,,,,,
band-1928da611b3c.jpg,PXL_20260410_210423679.MP.jpg,1928da611b3c28bdffe66efe8609b80a2c9dbaa2fd999c54cfab6e5c5ccbb2b1,,,,,,
band-1968e093cc16.jpg,PXL_20260410_211940872.MP.jpg,1968e093cc1638d8a284489aaef36a7fbf2c5f8df0e02c032f1277405dc67ea2,,,,,,
band-198d11c02972.jpg,PXL_20260410_211405646.jpg,198d11c02972b4ac5ecaccf53839c14ed3e90502399a58eff4a314b2bf871ac3,,,,,,
band-19aab4dd6964.jpg,PXL_20260410_210525757.MP.jpg,19aab4dd69648ec323f7ee5de165daeaa06c89828379e10017c66e141c08f73d,,,,,,
band-19f97425f1d8.jpg,PXL_20260410_211636433.MP.jpg,19f97425f1d8c1a6212379a984bf6c8b0f9ec58d141722037dc61f3909670b01,,,,,,
band-1a7d83a8fafe.jpg,PXL_20260419_185110270.jpg,1a7d83a8fafe8e1a2742e29a842d0024c045f7b72b689cb8b3d5c9a9a3c2ede7,,,,,,
band-1a9dc1722f94.jpg,PXL_20260415_214431380.jpg,1a9dc1722f944fae4a153459062f8acf36d640b28d1cde3b3667ab217b2215f9,,,,,,
band-1b049ef80898.jpg,PXL_20260410_210956137.jpg,1b049ef808985b282021caa1d8ac215094b7932fd947615159aa2ad4fda87b59,,,,,,
band-1c0c76526427.jpg,PXL_20260410_211321601.jpg,1c0c76526427c1cd0bb0083039eaf5a16a1bb6a595ab979b1eaf39aacfb43ed4,,,,,,
band-1dcbd00cf7aa.jpg,PXL_20260410_210439728.MP.jpg,1dcbd00cf7aac86beb67c1e963f671b0b7b43de0aa268166690088f4a02b26ec,,,,,,
band-1e91fd6d61f2.jpg,PXL_20260410_210709153.jpg,1e91fd6d61f240bdeb81aecdfc49bbd07c351f35383bc6fc275df1845a7b9253,,,,,,
band-1f926bc35130.jpg,PXL_20260410_211553099.MP.jpg,1f926bc351304ebf113ba8b6bf093743c4012e70a173176f6265b48c7d882fe3,,,,,,
band-1f93e72ef918.jpg,PXL_20260410_211303994.MP.jpg,1f93e72ef918dafcb48b952ba05898d2431b4a03d446dc195cd951fb4f98c983,,,,,,
band-1fe41eaa3482.jpg,PXL_20260410_211542236.jpg,1fe41eaa3482ec5f894343c58365a579357a8249c96406b0ba117b33fad8527e,,,,,,
band-209a18c58393.jpg,PXL_20260410_212007445.jpg,209a18c58393c6b670d46107c50153d669809ad52af8d10835e40a2dc66a6dfc,,,,,,
band-2257545f9bb8.jpg,PXL_20260410_211034606.MP.jpg,2257545f9bb8bbd847683962cdd8114df87487b313e9cd096e01b875925beacc,,,,,,
band-2278197eb3f3.jpg,PXL_20260410_210458635.MP.jpg,2278197eb3f3b78d3b75900e2d4c94e8976a233b0a9290513610a3ca9d65a22d,,,,,,
band-229300ced0fe.jpg,PXL_20260410_211316984.jpg,229300ced0fef9704f22aa691915daeb338ee30e88111204422f367c15e26e17,,,,,,
band-22a137200144.jpg,PXL_20260410_211916694.jpg,22a1372001445d33c9ea85c6b6ebfaba33a250c241846dd85b6484f120cbe356,,,,,,
band-22e6d72ab45b.jpg,PXL_20260410_211714675.MP.jpg,22e6d72ab45bdd04263974161236b998874f5b04d53524b92382635e7130441d,,,,,,
band-23102cbfa001.jpg,PXL_20260528_222503253.MP.jpg,23102cbfa00187e10602abae0dd84f40db187549d1c7a9578d9867cadf45e9db,,,,,,
band-24234152e969.jpg,PXL_20260410_210549249.jpg,24234152e96992504768d459a92d7e480ad517b735dccdbe1c640aa226a5a57a,,,,,,
band-24f7d71a25a2.jpg,PXL_20260410_211348314.jpg,24f7d71a25a2e888a308c9cdbbffe0cb59cb1ec19e3584b9665b99864ef7b2bf,,,,,,
band-24fe1360399e.jpg,PXL_20260419_182335838.MP.jpg,24fe1360399e3c36c647c10688ce67544d8b7d16c6b899becd2efd98ba3f51c9,,,,,,
band-25692224e00b.jpg,PXL_20260410_211115292.MP.jpg,25692224e00b28e750fe7fb490b64ff13ad8dc16b1453f4d75870fbae7b3a17b,,,,,,
band-2583667c5577.jpg,PXL_20260410_210859796.MP.jpg,2583667c5577e2695d8d3e9e6d7ae837dafd64de083c916f592da6d4333e9a96,,,,,,
band-25b6b01e2aad.jpg,PXL_20260410_212104184.MP.jpg,25b6b01e2aadc890186aa4199cee31e9cbd6b2e147caa0f5db1bc34862c87da3,,,,,,
band-269575affc0d.jpg,PXL_20260419_182232111.MP.jpg,269575affc0d779c692da1182947c38443981d0b923245eb43086cf897db357a,,,,,,
band-2705b919bb56.jpg,PXL_20260419_185150473.jpg,2705b919bb5679f613d95be85b4dbb6109d5f513690078fb1453d39ce54001ce,,,,,,
band-28b9e5fb11d2.jpg,PXL_20260410_211202514.MP.jpg,28b9e5fb11d2b07fd99827ba5d1da2013bb1b60a92946bc489bfc55c782c1816,,,,,,
band-2a10d78680c0.jpg,PXL_20260410_210646756.jpg,2a10d78680c03023163084f2fcd2466c4e4dd691a2ff9ca156cc05c76b3dc31a,,,,,,
band-2c763b4f3b9b.jpg,PXL_20260410_210404712.MP.jpg,2c763b4f3b9b2b0ad3895724d5a6c266930dab7a4b3cc1c35566c6a3672ba52c,,,,,,
band-2cbd440a420c.jpg,PXL_20260410_210816188.MP.jpg,2cbd440a420cf1465cea029089c5b91a27e10ca912e02699bd052a1980bdbeb2,,,,,,
band-2d4d5cdd5c9c.jpg,PXL_20260410_211015444.MP.jpg,2d4d5cdd5c9c7cf5b47af4922d462a92cea48f3eb7af81561ea2bcb678f4bec4,,,,,,
band-2db3ae341f46.jpg,PXL_20260415_213510698.jpg,2db3ae341f46658c504c4246eef4e1301b89957cbf13cb89d29f7afcaba43da2,,,,,,
band-2dd00bad2c42.jpg,PXL_20260528_222710611.MP.jpg,2dd00bad2c4275a965df36d9422c209ce475e67eb1e5ee9216ecd4f6f83e401b,,,,,,
band-2e7d5ed8d0ea.jpg,PXL_20260410_211403885.jpg,2e7d5ed8d0eaeb019c38fa6cead37f4715a3682f2f5eac9f7effd32973dbf64e,,,,,,
band-2facdfbf0d68.jpg,PXL_20260419_182450865.MP.jpg,2facdfbf0d684bf0d61a51ddaf3859fb29da07b590598ff4e5de7354abd43e01,,,,,,
band-3073f024b546.jpg,PXL_20260410_210657042.jpg,3073f024b546231cb44a6e05bf635b21066d74b2e10a2d1c5399d7db67144e57,,,,,,
band-319850ac6230.jpg,PXL_20260410_211331683.jpg,319850ac62303144ca8085a6aa6c21ec6b8e434e8bd1cc82f849054ef3eeac19,,,,,,
band-31dd2331eb34.jpg,PXL_20260410_211054399.jpg,31dd2331eb349fd9ac680056b9b68b40582e09ce4fb880a45bfff209a6ac7b50,,,,,,
band-323288fea02e.jpg,PXL_20260410_210911186.jpg,323288fea02e5cf7b9e3f6db3991ede5565c26193cdbe7eda6b26bf58523441e,,,,,,
band-325cdc449281.jpg,PXL_20260410_211757206.jpg,325cdc449281462a5fa72840e7ffdd129b14bad35db45feaa82e09763f5f2207,,,,,,
band-32f8a1aed0b3.jpg,PXL_20260410_210442874.jpg,32f8a1aed0b3a0b17f569a565ffc859e19f5af4b7bda17704d8e846fcf0fa55e,,,,,,
band-331ed1fc7138.jpg,PXL_20260410_210431329.jpg,331ed1fc71382a2212dc575960c6a32d4cbf497833a5de4b7838cbb72e98c9b4,,,,,,
band-3356f72455f7.jpg,PXL_20260410_211333935.jpg,3356f72455f7cc24f06a57fdb954af0d14d33a49f4818c985beb946367ab6bf3,,,,,,
band-348ff3a02573.jpg,PXL_20260419_185242768.jpg,348ff3a02573740638861e2df43a8d8810278f7d5ea21403b5fc627382f3fdb8,,,,,,
band-34ed8b96594e.jpg,PXL_20260410_211926075.MP.jpg,34ed8b96594e40de44087a099b8d59d3eb716cad6bb2682c325ef01fbc56e9be,,,,,,
band-3507969342bd.jpg,PXL_20260419_185259989.jpg,3507969342bdefcece3d63e52752f010b8a58b70a918d53ec79806c12bc4e1ff,,,,,,
band-359566063ec6.jpg,PXL_20260410_211614485.MP.jpg,359566063ec62f9234c757f1f960ed41c34940de7e90de7402bd3727ff856a86,,,,,,
band-366e3ff3d5ec.jpg,PXL_20260410_210902160.jpg,366e3ff3d5ec2a751259f3af16d18bce821a2dfb32937dd95f8a9550ceaeb14b,,,,,,
band-3685cae2fa13.jpg,PXL_20260410_210641992.jpg,3685cae2fa13d1cd0fd2a8e4cc2d481e2a410ec218f5314d035a6d08c2fa1975,,,,,,
band-36bc89688cf4.jpg,PXL_20260419_182257553.MP.jpg,36bc89688cf4a0dc7fe69b42fdef8e45277a42c246a8636bf8fa1b7ec3c3d88e,,,,,,
band-36e45e2ae9f8.jpg,PXL_20260410_211354718.MP.jpg,36e45e2ae9f8c14a0ba8dff4f9ff481812be3d3084a927e6dfdce5428206a118,,,,,,
band-38466064da2d.jpg,PXL_20260410_211657591.MP.jpg,38466064da2dd282393442f61bb8c9016f5c5afa52f7e324faebb15db6bccba1,,,,,,
band-386d808a589e.jpg,PXL_20260406_134952687.jpg,386d808a589e9c94b2c36c15ff645ac52cd965568780c3eb46b250d7ac0768a5,,,,,,
band-38a5db2ad838.jpg,PXL_20260410_211632940.MP.jpg,38a5db2ad838aacb9b1614aea8f5a9146704ca2815006401193d836271db5655,,,,,,
band-3ca42cbb417d.jpg,PXL_20260410_210844945.MP.jpg,3ca42cbb417d6201c998f1b85760c2945d6271aa3619c155654efb92c5e22238,,,,,,
band-3e3722404dc0.jpg,PXL_20260410_210537762.jpg,3e3722404dc0a34f347ae0eb55f5f826810e4f2e080bcb904a0e6818ef9963a9,,,,,,
band-3e9748c31e3b.jpg,PXL_20260410_211600514.MP.jpg,3e9748c31e3bdb71b503578e7b59c288e9fd458d7268b75363d271c85f81614a,,,,,,
band-3ebbae269c8d.jpg,PXL_20260528_222408491.jpg,3ebbae269c8d308466d4f9d777648bb1d196ca07238a28c8e2d18d57addfe1ad,,,,,,
band-3ef94e1e8a4d.jpg,PXL_20260410_211011282.jpg,3ef94e1e8a4db596da0efd77c4ec8af3a41944ef641ecce3bc4f5ee144c036a2,,,,,,
band-3f102f234bcc.jpg,PXL_20260419_185254754.jpg,3f102f234bccfd23c6eefbfefeefd2392523f4916c7fca9885bef9d561cd38fb,,,,,,
band-3f1592f37510.jpg,PXL_20260528_222428419.jpg,3f1592f37510dfdc6d20ffd5bacc73d6c3efe4ef6aed420d9862681f8d4ccd5b,,,,,,
band-4007f90c9bae.jpg,PXL_20260410_211030336.MP.jpg,4007f90c9bae4ab86bf3f0dbe2866c38111a66a84f5ba18471ae0df06b7d5d4e,,,,,,
band-41a66454fa52.jpg,PXL_20260410_210505698.jpg,41a66454fa521b3f9396cabfa63021d739101e10d4ff4bc72790d62afd65a766,,,,,,
band-41baeace6806.jpg,PXL_20260410_210602652.jpg,41baeace6806f189ce485e4e85804ab19b1276a819b61b147be04a30714e38f5,,,,,,
band-42425a1e4093.jpg,PXL_20260410_211841083.jpg,42425a1e40932528570d589aa908a32a69059b1ecf9235b217c7aa118c622ca4,,,,,,
band-44005746000d.jpg,PXL_20260415_213504550.jpg,44005746000d13d346282d5b23b8f82b6d2e092931e72b57abc46d94efd8aaec,,,,,,
band-44f300b8e790.jpg,PXL_20260410_210304212.jpg,44f300b8e790550da8c4756e3340cb11cb99b3dc286b223546bea1ab4d90ec30,,,,,,
band-4544aee7cd77.jpg,PXL_20260410_210450516.MP.jpg,4544aee7cd771ec478604b04f32766568adc03481566367649cbb17a0f71b93d,,,,,,
band-45548ca3706e.jpg,PXL_20260419_182309311.jpg,45548ca3706e6747444bbee366aa767fa1c588f298e7410581a2ee77bfbceda4,,,,,,
band-45cfdd36b403.jpg,PXL_20260410_211827648.MP.jpg,45cfdd36b4033c362a11254ecff5b23c771d3e9d7fc0c352e1abc03cb3e3c451,,,,,,
band-462773f5e9b7.jpg,PXL_20260410_212129907.jpg,462773f5e9b763e3c1aebdec6db01cca86522bdfd97c744c6ebdcb7b473679e3,,,,,,
band-4673122b3e39.jpg,PXL_20260410_210733062.jpg,4673122b3e39ff5955a9f3fe08d2f8f1c43b637c8fb415d6a07f139da5e759f8,,,,,,
band-47437dc04f00.jpg,PXL_20260410_210805732.jpg,47437dc04f009a7a9a5a596083d8245d9664e68d8e816ddf162801946632684c,,,,,,
band-481685ccf842.jpg,PXL_20260415_213455115.jpg,481685ccf842f33e6c3bf23e748a721b210ff31eb54ad43098482c9e981db66f,,,,,,
band-48ad72b52f3c.jpg,PXL_20260419_182443947.MP.jpg,48ad72b52f3cb5d726f45d71ba1674d1e2e5f5a9faa526fb5ebec3320dcfbe94,,,,,,
band-498d36fbbd03.jpg,PXL_20260419_185218500.jpg,498d36fbbd036e586f707ce441161c7620e744b6e08830b6800d74e2cd01ae01,,,,,,
band-49c19dd06698.jpg,PXL_20260410_211705896.jpg,49c19dd06698e813b55da813f5de859bf28ed8deaab2edaa867f4815c38a1182,,,,,,
band-49d8d278799f.jpg,PXL_20260410_210918235.jpg,49d8d278799fc303899922fd7a12023712f1be9aa9fad4a742e3a71079e2f879,,,,,,
band-4a6b9bebc8c7.jpg,PXL_20260410_210926618.MP.jpg,4a6b9bebc8c7afe76a7346448e55beb9f6030f6d94334a6aa62e7afc42570283,,,,,,
band-4b03497b7814.jpg,PXL_20260410_210835076.MP.jpg,4b03497b78145be4d1e5fc578bc1b0646e9002a492c722408699dd068f67e836,,,,,,
band-4c5cba9de91f.jpg,PXL_20260419_185157518.jpg,4c5cba9de91fdcc183c2d0ea07483be0ea789569f934c708c40e700b8d47e7a0,,,,,,
band-4c815f968b5b.jpg,PXL_20260410_211326606.MP.jpg,4c815f968b5b9f24c55c5f37abee90eab6f368def4305cd9684c25f59f100804,,,,,,
band-4d92fb26de83.jpg,PXL_20260410_211102975.jpg,4d92fb26de830bcde188be55ab7b3b240bf0d9d39b7d062d23cea91f8d689146,,,,,,
band-4e211d510fb2.jpg,PXL_20260419_185204880.jpg,4e211d510fb2caeada06c6977c4eff7842fb2f7741dd0f1306f646e13888d461,,,,,,
band-4f460df93e94.jpg,PXL_20260410_210517476.MP.jpg,4f460df93e9412d8bc430c334e55f7c4b3db673e6df1ab40fa218f01870cf8fc,,,,,,
band-5026718e8147.jpg,PXL_20260410_212021665.MP.jpg,5026718e8147ecd17f4e75dbc5a2e52b79d48d3045244c4379fcef56ff1fd262,,,,,,
band-50ccdf0a896c.jpg,PXL_20260410_210610531.jpg,50ccdf0a896c0a37549ec165511ef3fe2242b3dfdacd91facef6f18730781e5c,,,,,,
band-53294edfbb4f.jpg,PXL_20260410_211019240.jpg,53294edfbb4f2cf9668ea1f8488dec9ccfd13ec80ac45aff34326a137f547a0f,,,,,,
band-536699bf2f75.jpg,PXL_20260410_210919310.jpg,536699bf2f75ed0f7fb14725ebd2229fb8b11155f45530bb328a319e8900ce95,,,,,,
band-558446645fb0.jpg,PXL_20260419_185104561.MP.jpg,558446645fb0a67b707dd05186db24a89737e36f0fd24eb15aac3ab39c5a7142,,,,,,
band-5638741ddff1.jpg,PXL_20260410_210628608.jpg,5638741ddff1ebe06ff33979ad029fbc83f386e8ffffc5c20d90cf65e3b38561,,,,,,
band-56be67005079.jpg,PXL_20260410_211025044.jpg,56be67005079ffc41c7210b08f2ec08f3c804ed7086028bc0aade3e87716bacd,,,,,,
band-5725f4f8f421.jpg,PXL_20260410_212108745.MP.jpg,5725f4f8f4211a302e332a474c6bd8fb7e9110d6adbfe656c632a2638c1e4230,,,,,,
band-5754928e9f35.jpg,PXL_20260410_211327783.jpg,5754928e9f35c1352d9deb653cbecf30d7eaada8717768fa4591173079aa1aae,,,,,,
band-5782012faa92.jpg,PXL_20260410_212015071.MP.jpg,5782012faa927ca6d28c267797ef4548d4deeca7fdd6f601248fb8d2ff0cf435,,,,,,
band-57879b094606.jpg,PXL_20260419_182206164.jpg,57879b094606a81c0b621011dea69fbc6a1154c71ce957b232a3517f09077932,,,,,,
band-58411eb580d5.jpg,PXL_20260528_222554704.MP.jpg,58411eb580d5c1353579bc1e9e78fb6916bee9c9bf2d6942526db0408c8d8581,,,,,,
band-584cd6ab579f.jpg,PXL_20260410_211312905.jpg,584cd6ab579f09361528275a9bf31dd8aa1dfcd84c92be1a4446bb23743b5ab0,,,,,,
band-58fb96c1b244.jpg,PXL_20260410_210435852.jpg,58fb96c1b24445e6a0243cea5eade29f1567b1b39c340331e9a6ce06aacca981,,,,,,
band-597548d665ac.jpg,PXL_20260410_210607250.MP.jpg,597548d665ac9d58638f04ec0be858a9cb7225207f4866870ab06a01fc63f770,,,,,,
band-5d33a0fea8b8.jpg,PXL_20260410_210520174.MP.jpg,5d33a0fea8b864ed83e16b3e48ecbcd7db7c53952c58bfa2a490cebb61b298dd,,,,,,
band-5d976831221c.jpg,PXL_20260528_222718437.jpg,5d976831221c368542aea59259f9c7a0e50ef5f54292a770aa970be07941af2d,,,,,,
band-5dcfe1b6f5c9.jpg,PXL_20260419_182238004.MP.jpg,5dcfe1b6f5c99d1e0179b162021000f88a8c195893db8c034a13c03de17fb5f4,,,,,,
band-5e70f1107c78.jpg,PXL_20260419_182459935.MP.jpg,5e70f1107c782ee55f82488f82a508970c7f660d7dceead74446049609788484,,,,,,
band-60c0e4e20edf.jpg,PXL_20260410_210231040.jpg,60c0e4e20edf0e40c4d07b246e6d4035eba17f06efc092f01629142bf6b2fa4b,,,,,,
band-60d058e23a58.jpg,PXL_20260528_222714707.jpg,60d058e23a5800e09022a578b0b99494f382878194c74545eb506d01ef599ab5,,,,,,
band-63a71325ecf8.jpg,PXL_20260410_210945535.jpg,63a71325ecf8e475ccbb6dabfc153826a9a0c0fe2c1ab609a04bbe679ddbad81,,,,,,
band-63c54a40eb78.jpg,PXL_20260410_212037356.MP.jpg,63c54a40eb7815f4d6b5755da4be0297bdba56aedc997805d0d9d5a541452c8b,,,,,,
band-63cbc52c9cfc.jpg,PXL_20260419_182332912.MP.jpg,63cbc52c9cfceb744d0edfd0a9e38b7338e03d04ebcf50fc0323f5c1ab47eb4b,,,,,,
band-6427551a8fa1.jpg,PXL_20260410_210659779.MP.jpg,6427551a8fa162f5f2c031b11994aa6fac24cd97a39480490485a580534d32ea,,,,,,
band-645f037002c0.jpg,PXL_20260410_210912411.jpg,645f037002c0b4e0d2bf81fd353e3e0761a0e821a1ebbf89450150b8fb6e80fb,,,,,,
band-664ff641df9e.jpg,PXL_20260410_210356201.MP.jpg,664ff641df9efab928463efd9700495c3e8b1862caeedcd26bfa1f7ee67fa4ba,,,,,,
band-669a27a48f69.jpg,PXL_20260410_210343228.MP.jpg,669a27a48f6950ed7dff6df8a4aaca5e6ba41a65bf80ea79621422b8d0b113c0,,,,,,
band-670a5079ad7c.jpg,PXL_20260415_213407300.jpg,670a5079ad7c5ccb0ff8794542c3865bad88ed0cd8a4a6ace3bf72bf27f4d76d,,,,,,
band-67259da0d17d.jpg,PXL_20260415_213435296.jpg,67259da0d17d32461e570a221e5e281c011e8f13a0da6a416c334802b230de2c,,,,,,
band-680271e09409.jpg,PXL_20260419_182408900.MP.jpg,680271e094094042c6da0dfb538edb755c4afa505cfeb705a411dd50f6261f9e,,,,,,
band-698ca4866785.jpg,PXL_20260419_182132412.jpg,698ca486678543f6bc771baf4ba303e8ce066f81304a3574093f9c02d385eadd,,,,,,
band-6a13ecde0749.jpg,PXL_20260410_211946317.MP.jpg,6a13ecde0749ec0c4b4954786e0f8e4df74d6cb18bc2f263c27dfe3e9ac7cff9,,,,,,
band-6a36fc716a4d.jpg,PXL_20260410_210851848.jpg,6a36fc716a4d9e44782e043e42e119ca6f62c757b3e988afb8cd144fe038acc0,,,,,,
band-6be22b6b313b.jpg,PXL_20260419_182441346.jpg,6be22b6b313b60dc0a8f34ddb481d51c7c43df4ba24ff5ede048c8435500c9f5,,,,,,
band-6e3115442ccc.jpg,PXL_20260410_211215742.jpg,6e3115442ccc86ebfa0ecc0073aa6982b2a522d0bec64d2cbfa53cad6fbd7df2,,,,,,
band-6ec0a26850fa.jpg,PXL_20260410_210741366.MP.jpg,6ec0a26850fa3dc33d62ddb6befa1965a801269184dba546e895073a3fd83645,,,,,,
band-714defcef2d4.jpg,PXL_20260410_210523254.MP.jpg,714defcef2d40907024fd34c36bcd97e526aeb06bf09f182e374877d3eddf793,,,,,,
band-71b6e42ef9fb.jpg,PXL_20260419_182305023.MP.jpg,71b6e42ef9fbab09bf0df2e09fa268869ad7636e85194aea83913fdee10f9711,,,,,,
band-71e147bf6850.jpg,PXL_20260410_211352711.jpg,71e147bf685029a906bcc46a74c25216e821ea339e417f38fb83b5c8ea260168,,,,,,
band-722471ebcb71.jpg,PXL_20260410_210727886.jpg,722471ebcb717b471395b51a014ce31401dd65844283f9caffec82e336d68a66,,,,,,
band-7229f90026e9.jpg,PXL_20260410_211602644.MP.jpg,7229f90026e9b0c184760dd9d44ffa5d4a7dd2ce9aa296e67559bcfdb4c43297,,,,,,
band-7326bdc92d57.jpg,PXL_20260410_210808893.MP.jpg,7326bdc92d5744826cadb37fef6b766265f48e66cda96dc0ce193a9e2b1b536f,,,,,,
band-7358a4a776dd.jpg,PXL_20260419_182404243.jpg,7358a4a776ddc201a1c8616156685b18eaf03771208e804fd14d93bdb46f31ef,,,,,,
band-73931c10b210.jpg,PXL_20260410_210940295.jpg,73931c10b210bbcd2a69cc45cc130c541ba023f987f772e28e2dd533894a0438,,,,,,
band-73cd8cddfd09.jpg,PXL_20260410_212048338.MP.jpg,73cd8cddfd09a7d202dcdd925acae50af311d6ee9a44abf3145d74b78d7795a8,,,,,,
band-743fd68f13b5.jpg,PXL_20260410_211132880.jpg,743fd68f13b506877a0fdd9e778890adfaaa54193ff035b6c463fd3e182b7874,,,,,,
band-74f2a6436b8d.jpg,PXL_20260410_211556754.jpg,74f2a6436b8dceabeba38e9933815024a22568e75cbe70eb1c2d37ae4696ebf1,,,,,,
band-760b295a8e98.jpg,PXL_20260419_182427026.MP.jpg,760b295a8e9870c0821f3c9510f9b321dd168e271fe2c7a05b0dc2e5cc59e25b,,,,,,
band-76792efc3a3b.jpg,PXL_20260410_211113129.MP.jpg,76792efc3a3b30348015a449ffbeec5d8ac0cf5e61a2a8520745b0237c68ba84,,,,,,
band-792eedcc4119.jpg,PXL_20260410_211234172.MP.jpg,792eedcc4119b0b292d8038401a0bf962e48a3048a98e719e1042add3bdc1586,,,,,,
band-7af3e640813a.jpg,PXL_20260410_211058732.MP.jpg,7af3e640813aa9cc413f1220e4db8b08ce1d4add6084322ac87594fece791c56,,,,,,
band-7e1400cd3bde.jpg,PXL_20260415_213451989.MP.jpg,7e1400cd3bdeccbf7f968a5b9c9d071cd968a448db0b3bbe44c6dc6f81ecda20,,,,,,
band-7f5c7c44a6c1.jpg,PXL_20260415_214441377.jpg,7f5c7c44a6c12a8903ecccd187151d6c7f35ddd4804c77808768d5bde645be59,,,,,,
band-8087ee252e5e.jpg,PXL_20260410_211356599.jpg,8087ee252e5e022b4d5da0865b5d78e619782a4efa0156ddca897b7ffe5b4f51,,,,,,
band-83884dfb64eb.jpg,PXL_20260528_222448668.jpg,83884dfb64eb22913fd745a3d4c26d84288592f185625f81e946c33f2c6c59b4,,,,,,
band-858cae72c5be.jpg,PXL_20260419_182419562.MP.jpg,858cae72c5be96c25c180faa7c60847c5849b77877308fca77cf6a53deb54cce,,,,,,
band-863d76f9d33f.jpg,PXL_20260419_182342107.jpg,863d76f9d33f4eb7af22271ea6e6482a6d3e839765ed0cb1fbf7c26affc94753,,,,,,
band-872a31927679.jpg,PXL_20260527_212041837.jpg,872a319276794efcbc17d854c85be0c3b0058051e5fc5d066ca2f4d9445d44a7,,,,,,
band-878a17b1b7dd.jpg,PXL_20260410_211909636.MP.jpg,878a17b1b7ddaea021c283fdb0c63034aaa58284fe19073c9716f7c1173ccdec,,,,,,
band-87a40f3c35fc.jpg,PXL_20260528_222248174.jpg,87a40f3c35fcce1c1f522816c3daf370ae797a9504e9c8ff62d58eaebcbe53bc,,,,,,
band-87fafb64ebf9.jpg,PXL_20260528_222439161.jpg,87fafb64ebf9a7fd40e27c5966da3b92389057dae4d2e06aa92a073ff101a4b2,,,,,,
band-88df596770d3.jpg,PXL_20260415_214412788.jpg,88df596770d3460e3b520737b9508c671cd128181380e4913089a9f8f862a42a,,,,,,
band-8a48360fed30.jpg,PXL_20260528_222336410.jpg,8a48360fed30a735347e9a245325009654330f4922b79d8a949b708a01ba8867,,,,,,
band-8b855967bfb5.jpg,PXL_20260410_210905629.MP.jpg,8b855967bfb587a7805686a54e96333d25c63f6463ea27749fa0b680c4d14d33,,,,,,
band-8ba2b6836524.jpg,PXL_20260410_211052524.jpg,8ba2b6836524cbb9e045f1478ab3f73c7aaac36a0b281529596a12034ae2ccef,,,,,,
band-8c57586bbaff.jpg,PXL_20260410_210813855.jpg,8c57586bbafff985be0a8c2da38db9e6326d547428433b5eb014b7ce14541065,,,,,,
band-8e0f7589a9d0.jpg,PXL_20260415_213426582.jpg,8e0f7589a9d0990e7fb306c9cb7f3d7fd8f60762d9a65e3e28d5ae888f2cfca6,,,,,,
band-8f0a30dfb414.jpg,PXL_20260410_212044802.jpg,8f0a30dfb414af337543e437d046b7a597d7470808cf139b8c668a68f124b54d,,,,,,
band-8fbd10ebd3fc.jpg,PXL_20260410_211223680.jpg,8fbd10ebd3fcb0793a4640bc5cb5968efc5edf5c5080c3f33c32bc7d701c376d,,,,,,
band-9061ca862af2.jpg,PXL_20260410_211210401.jpg,9061ca862af2dcea4a02819595bb69451aa8ecdcda29abcc6f9796b5e38be776,,,,,,
band-926dc3534ca1.jpg,PXL_20260518_235552487.jpg,926dc3534ca1c4d53cf503911edeaaf2f30f4fe45302fdb64642e56ec6d145da,,,,,,
band-9277f2fe4fae.jpg,PXL_20260419_182240498.MP.jpg,9277f2fe4fae48e4c324598445d4097c5040a60b49d923b0f04068eb124c1eac,,,,,,
band-940f7fd15f7c.jpg,PXL_20260410_211003815.jpg,940f7fd15f7cd886224c1d6c6e639ba94f31b62fb21d7fdcf587b63aa29f68b2,,,,,,
band-95040cd47124.jpg,PXL_20260410_211626668.jpg,95040cd471249cafca67f2f93b265167ca8bbc5344df41c864ac6502644aafff,,,,,,
band-95311ebd2ad5.jpg,PXL_20260410_211639565.jpg,95311ebd2ad5abdaeeccd99d18dce124779b02a695576c8e85079f5bbf1027de,,,,,,
band-96b93771227e.jpg,PXL_20260410_210714038.MP.jpg,96b93771227e89b6319ef85915bf303724db5b9a7e63aaba3b201b39d12315a2,,,,,,
band-9790033c13cb.jpg,PXL_20260410_211120966.MP.jpg,9790033c13cb4c31b73119c498c238d0aea3685bd7f4951c892fcdf713f60872,,,,,,
band-98baa7579d3f.jpg,PXL_20260528_222326922.MP.jpg,98baa7579d3febe756b54028671fad434eb3b5dc2a5c046b318594c93c5f1cce,,,,,,
band-98d48981f422.jpg,PXL_20260410_211336138.jpg,98d48981f4224c859774f9a067d7b40e4e0737677de1d76ee38fc2089cc03f2a,,,,,,
band-9a1406d70e04.jpg,PXL_20260410_210507494.jpg,9a1406d70e0423d8d512e5af29f358fa72407d7425a6fafdd4a6d77cf07fda24,,,,,,
band-9ab25ffe5419.jpg,PXL_20260410_210617614.jpg,9ab25ffe5419a0da3feefcc832a186d53033407be615ab4ca0ca0aa3cdf9163a,,,,,,
band-9bc94d375c34.jpg,PXL_20260419_182537568.MP.jpg,9bc94d375c34c1b0f954a2f9b98028962906e3ef44fb7824e409997850adf379,,,,,,
band-9d6b953fad27.jpg,PXL_20260410_210447830.jpg,9d6b953fad27a82845cbab6e229df29bab2d9085c588da23830a478176f5d2e0,,,,,,
band-9ea7a180adff.jpg,PXL_20260410_210543794.jpg,9ea7a180adff1f3ed3db78556cca95fe93cb731670a00a1055c829b248951b2d,,,,,,
band-9f9e8cc0089b.jpg,PXL_20260410_210704258.jpg,9f9e8cc0089b5ae1944fa839ff7f7fec008a862ce69a71d273c8facfbc5b8165,,,,,,
band-a071e2399934.jpg,PXL_20260410_210800341.MP.jpg,a071e23999344d88f0bd68368fb84a0ce4f3929a89218d0ba694b07f48d27a4b,,,,,,
band-a0e666f73875.jpg,PXL_20260410_211955248.MP.jpg,a0e666f738751b1b921d6580c0201aa028c197d042d57a900c9a08817976ab2e,,,,,,
band-a160532a7f15.jpg,PXL_20260410_210455393.jpg,a160532a7f155ac7b2181f5771b8a267321bdc7ca09f93b5c08021e482be396a,,,,,,
band-a2134fdf2d42.jpg,PXL_20260410_211653737.MP.jpg,a2134fdf2d42fae0b23b9f618ef408cac822232e5d711b0214c6e79b4e9d4c4b,,,,,,
band-a2a3698cbeb8.jpg,PXL_20260419_185213228.jpg,a2a3698cbeb83d91dc61f153e5d749428d0423ea8817c7e52bcf96ffd6b488c6,,,,,,
band-a3acc3e6bf6e.jpg,PXL_20260410_211943990.MP.jpg,a3acc3e6bf6e249771a8382ce66ab71ee83cbce3fec58c9dd9ebea94977b3f78,,,,,,
band-a3bff1b76e59.jpg,PXL_20260410_211244714.jpg,a3bff1b76e59b7581190a2669d8a1eefc621126c49a14e9de6d1489f9cdf9fa5,,,,,,
band-a54240c2ea39.jpg,PXL_20260410_210533951.jpg,a54240c2ea391cc2c271cca27a81432d66af3cd9ba45927c9f94abe3e7423e60,,,,,,
band-a6d5c988b96e.jpg,PXL_20260419_185134864.jpg,a6d5c988b96e461702512c4f13302d4345dc5df46ac3066407cdc135e13c6e15,,,,,,
band-a9f93824b4db.jpg,PXL_20260410_210745579.jpg,a9f93824b4db82748be5c93e600fcdff22b1d8d1b6697c8f4df7e852e9b4ec35,,,,,,
band-adaf5e4056d4.jpg,PXL_20260410_210856580.jpg,adaf5e4056d4d9e2205d1e72c5ec2f0f13b275f9fe0e083111ee1063c35b9785,,,,,,
band-ae09c419abf7.jpg,PXL_20260528_222635687.jpg,ae09c419abf74a333a0d52820d2a5b69e75a1f406d873eebb7d427098116e904,,,,,,
band-af672cb0f141.jpg,PXL_20260528_222341608.jpg,af672cb0f141c2053933c46b862cf6cbbcfa07a958e3e10a8b9a981ec75afd25,,,,,,
band-b0b12b3d32c9.jpg,PXL_20260410_210832060.MP.jpg,b0b12b3d32c9b82b2df73b2711e5f07d78921c1170d8ed5d72d0762d3f5866a8,,,,,,
band-b2355c8be4eb.jpg,PXL_20260410_211650484.MP.jpg,b2355c8be4eb22e197d19abc2cfa4090971d704a42b7b522f2bb1d418a9a15ef,,,,,,
band-b31be1862e38.jpg,PXL_20260410_211151317.jpg,b31be1862e389fa1d2c46c5f197594f047adbcc2bc8fedef11890aedc65e4bc2,,,,,,
band-b38466364693.jpg,PXL_20260410_212003864.MP.jpg,b384663646932b5015ab48620e88f59b58c30754fde6b5a2de50b4d8be4400dd,,,,,,
band-b3944a44d3aa.jpg,PXL_20260419_182455334.MP.jpg,b3944a44d3aa53734b9b441043ca6d4ce9b38563825614d2e5e01d649bb6322b,,,,,,
band-b538cff09e78.jpg,PXL_20260410_211958798.MP.jpg,b538cff09e782790b2a242034abbf06f52ee26d3aee20b4d49cb765d8ef1394e,,,,,,
band-b5810dc8d055.jpg,PXL_20260528_222556780.MP.jpg,b5810dc8d055a7308f890e61f3608cc1935bd06f27ee33a7db759c2b63c7b996,,,,,,
band-b673451f19e5.jpg,PXL_20260404_204537469.jpg,b673451f19e517f68bbb185f87650ecd01df13f6cea020fc1626af163bcb3b6b,,,,,,
band-b6ea72a8eee0.jpg,PXL_20260419_182532790.jpg,b6ea72a8eee0eaa89a54c97879938e196c8cdfd09e2dfbfa828cf948855264ed,,,,,,
band-b729b1b219d9.jpg,PXL_20260419_185207820.MP.jpg,b729b1b219d99f0e404b3ce4b3aedb02e3c5bafb4c37c415fff171a09bf19cc6,,,,,,
band-b80b2560f251.jpg,PXL_20260410_211610332.jpg,b80b2560f25114e506e9cba5636dd9254d78a73b4b37f2c931ca120c3b4db386,,,,,,
band-b95d5f6a5d53.jpg,PXL_20260419_182438228.MP.jpg,b95d5f6a5d5392a29f15fe5eaa7ec7328f868e1dd3588b27231801c77a376298,,,,,,
band-ba46cac7939b.jpg,PXL_20260410_211534142.jpg,ba46cac7939b3df1530fffdfe2efab0ab29c3f6972df01d85fdc9c80c73393b6,,,,,,
band-ba65b7089747.jpg,PXL_20260410_210515098.jpg,ba65b708974795b076871a3f397a1297656f4ff490e6788892b3a28963c33d0d,,,,,,
band-bb88cb65d01e.jpg,PXL_20260410_211248224.jpg,bb88cb65d01ecf847b9a4eb910f2bfe9783f3b283cba6e24dc6310577e5ac75f,,,,,,
band-bc17f0690118.jpg,PXL_20260419_182359965.jpg,bc17f0690118bdbfd5ee5c0c8a94af972cb35288f10565dbc83d7c67a28c0a2e,,,,,,
band-bce8ee114609.jpg,PXL_20260410_211253352.jpg,bce8ee1146096663d6bb974d4bb1d4a6cea33dab4fb40a45809cc5e348fdacfc,,,,,,
band-bcfb396c977b.jpg,PXL_20260410_211146587.MP.jpg,bcfb396c977b7a381a52cd70426ba7d20973e879a2dfc346bcd3bec1ee35a579,,,,,,
band-bd15059e3708.jpg,PXL_20260419_182513668.MP.jpg,bd15059e370804f74d1f125a487b4a9785a946494b13b82fa5b339252aa18aa3,,,,,,
band-be15709d5d81.jpg,PXL_20260410_211345945.MP.jpg,be15709d5d81e2fba23aaa21e5001c50c8542f221f74b6f6be79da37a9329eaf,,,,,,
band-bef0c7bee2d5.jpg,PXL_20260410_210319505.jpg,bef0c7bee2d557c9a701c83c28e633ba5759475d42440ddf79d9c4c9ca2b65f1,,,,,,
band-bf8e9996fa61.jpg,PXL_20260419_185114403.jpg,bf8e9996fa6127791283cbc7e0efa781981d89584ac101d2789490535b9f23f7,,,,,,
band-c02d8c5e1e57.jpg,PXL_20260410_210929255.jpg,c02d8c5e1e57fe7edf1b0d21919183beec9baaf9c46c1f7d4f325d6415c10f26,,,,,,
band-c0a120f90d77.jpg,PXL_20260528_222606303.jpg,c0a120f90d7748826873a947adb759110fae33d064770b768b8d96784b2e617c,,,,,,
band-c10127ccd978.jpg,PXL_20260419_182222034.jpg,c10127ccd978410bcd68450e06a546dc27487def163968fd82a7a3761aa4869f,,,,,,
band-c1e9c227ab9b.jpg,PXL_20260410_212122199.MP.jpg,c1e9c227ab9b5ec6e39d52f10e49393a990b3b7b1b183a678c00f4ad6566c2fd,,,,,,
band-c35e03da6415.jpg,PXL_20260410_211759541.jpg,c35e03da64151f955525356ea8fd5e1cc54d88e2f020a726ab999e8859c254e7,,,,,,
band-c3d32d20bfdc.jpg,PXL_20260410_211319807.jpg,c3d32d20bfdc99be5c24ded68b74a48bf3d70a6c310d9bb20b72e911a1196305,,,,,,
band-c3f815b65145.jpg,PXL_20260410_211219703.jpg,c3f815b6514584af47cf01eaf77313b78136df9bf09528baecb17b4b17625f6b,,,,,,
band-c418a77d06c1.jpg,PXL_20260410_212041193.MP.jpg,c418a77d06c1a27bc9e35094a24d7c9793ff9a9454137b60d9ab9aa35c7b32c1,,,,,,
band-c512a330ea20.jpg,PXL_20260419_182541438.MP.jpg,c512a330ea2019e0ebb6aa92fdb3c02e10953391f4851b689f32c6896edb8aa8,,,,,,
band-c5b1de6b5f07.jpg,PXL_20260410_210840167.jpg,c5b1de6b5f07df7e3bb21975b5a1dd0f627bd59268573e074c646a31d13b7c82,,,,,,
band-c6651f732a3a.jpg,PXL_20260415_213354522.jpg,c6651f732a3a6658bf9c55cf125f30243d4e9af2c86f261d512303b92523572a,,,,,,
band-c6b926dbf385.jpg,PXL_20260528_222602663.MP.jpg,c6b926dbf385c830e6708d2fd0c2790e7be6c4c05c7364458b44c711bfd501c6,,,,,,
band-c6c7acf27eb1.jpg,PXL_20260419_182325110.MP.jpg,c6c7acf27eb19a37a7803821f48e12f9176a9b0709dbf8f871ab0c7df388aabf,,,,,,
band-c6dc8eda2a03.jpg,PXL_20260528_222354587.jpg,c6dc8eda2a0379b4456c29197a41f50bf7433b08314e5acc62fe1d0445c5a1d6,,,,,,
band-c8255b241ad6.jpg,PXL_20260419_182530176.MP.jpg,c8255b241ad6f209eb4441fbbd5f9384ea555ba87291b1c15b95d0c1bb5a6a39,,,,,,
band-c8448656fcde.jpg,PXL_20260410_210649755.MP.jpg,c8448656fcdec279694e2ec024079baa0ffd2236b701b9e66351de2e402c0b3a,,,,,,
band-c98ff12d142a.jpg,PXL_20260528_222308365.jpg,c98ff12d142a1beadc610e22ed010389edb1b67abdd069c845f83e44bcf60825,,,,,,
band-c9944212a7b7.jpg,PXL_20260410_211606450.jpg,c9944212a7b78f49ff4d8268d88e9ac6461088e9684a415be5ef395a779c7a6b,,,,,,
band-ca76a0fa5918.jpg,PXL_20260419_182243458.MP.jpg,ca76a0fa5918fc3a1c0793d0b7101181a0d535265e8777be336d995c81a0becb,,,,,,
band-ca7d9abe7360.jpg,PXL_20260419_182138038.jpg,ca7d9abe7360b8c29c0042c772c1ca9c336b4e7bdd89dbe9df6f4d0ec2786912,,,,,,
band-cb1e7d61fcff.jpg,PXL_20260528_222546186.MP.jpg,cb1e7d61fcffe9ff810a6a350ee98130ce585e520eb49168dc0ac5f3174cda31,,,,,,
band-cb565dd97a14.jpg,PXL_20260419_182316340.MP.jpg,cb565dd97a14721838f662178066b000da34e9f1b21a8d229bbac4df36ebf89d,,,,,,
band-cc462c4ba040.jpg,PXL_20260419_182148528.jpg,cc462c4ba040ea21a40e84278176f9dd8abcad833142e3de9e4fe4bfa20a5f70,,,,,,
band-cd586671a88a.jpg,PXL_20260410_212116761.MP.jpg,cd586671a88a93d10fdeb8c84ef365018493174e372e61da3cc8d9fada134438,,,,,,
band-d16afc9447ee.jpg,PXL_20260410_212025094.jpg,d16afc9447ee2a6c456e4ceea1876aab6942ee090e3c5c747f7ca50655b2404f,,,,,,
band-d16f6d5b7361.jpg,PXL_20260410_210706416.MP.jpg,d16f6d5b736136c7d45ff312535224fdaab132ca57264b7b5b3da1fbd0898947,,,,,,
band-d1ee91bcf6a8.jpg,PXL_20260410_210702627.jpg,d1ee91bcf6a8f919344af7a7f84f8368d954899ee8c770450677602747c87532,,,,,,
band-d2152b00a602.jpg,PXL_20260410_210849006.MP.jpg,d2152b00a6025b1d7fcfd74bdb99d69104121fa55b2b1ddf6e0f3f9216974cfc,,,,,,
band-d2304c1d3b6b.jpg,PXL_20260410_211618599.MP.jpg,d2304c1d3b6b561b52c030583f7116e6bc880c79a1c8bb4a7442a0b3de9fcdba,,,,,,
band-d2baeed03251.jpg,PXL_20260528_222707228.jpg,d2baeed03251dc9ae984e42daeead8eee61b52f559e35c800ef513a1e8a93675,,,,,,
band-d48a51de5109.jpg,PXL_20260410_210716205.jpg,d48a51de510984ecbc30050caec6c5fc547bbfc5283779e27c5cf1228c598080,,,,,,
band-d4e4a84cddac.jpg,PXL_20260410_210222632.jpg,d4e4a84cddacacfdaf91352a105fc1d8f09e97d155148afc589e093be95e5d9d,,,,,,
band-d5109c8fe57a.jpg,PXL_20260528_222721531.jpg,d5109c8fe57a15f9748a5e60587153d968636db264775a158beae65a44f50c89,,,,,,
band-d52a0cb438b1.jpg,PXL_20260410_211022439.MP.jpg,d52a0cb438b13801408c82d30bc35207939c9049901b2169f3d1431a89b792e3,,,,,,
band-d59b4c5c260c.jpg,PXL_20260527_212124637.MP.jpg,d59b4c5c260c0a58a1f423fba95025d72a4447334524f59cf48e42919873a998,,,,,,
band-d610676b30e5.jpg,PXL_20260410_210531543.MP.jpg,d610676b30e538459257e68867545224c1283199b0ca9b8c0a295a705ceb05da,,,,,,
band-d761f4025818.jpg,PXL_20260410_211135249.jpg,d761f4025818248632d88da972837d7f19756f510b4e917c880826242810e898,,,,,,
band-d7d90c1b3669.jpg,PXL_20260415_213413732.jpg,d7d90c1b3669da716b01af8340e4002b3a0fc77b5b7e9636799d4ee0291488b8,,,,,,
band-d81d17012b33.jpg,PXL_20260410_210959451.jpg,d81d17012b33b97cc26156af69c658ca526b57c87381292a1cfaa484500f8157,,,,,,
band-d9af97984c15.jpg,PXL_20260415_214401145.jpg,d9af97984c15b1b4055f2ece72bc2c4ed966baa65cdb81e1eba225b49fcefd51,,,,,,
band-d9dc18cec566.jpg,PXL_20260527_212050422.jpg,d9dc18cec566f60b6918077389dd5b54fa0bbae5992c3135be2044008328bc53,,,,,,
band-da19fc25bda4.jpg,PXL_20260410_211339590.MP.jpg,da19fc25bda41686e0381db3e5f52eb7028b0390cd98a1baed52a9f0b4e6b861,,,,,,
band-da2a84d42a47.jpg,PXL_20260410_210725090.MP.jpg,da2a84d42a476a0781377efe9185d7272be80434a4530f2d716161d8a61aa551,,,,,,
band-dbd27aeca675.jpg,PXL_20260410_211523052.jpg,dbd27aeca67526e2100a2a4f0d70acdcecce7618360bbf1991aea2172ebb37a9,,,,,,
band-dc59f78b0a60.jpg,PXL_20260410_210948569.jpg,dc59f78b0a603f1a34b8261aa9f785946401100a981ca7af1c54587432c07b5a,,,,,,
band-dc73616291ec.jpg,PXL_20260410_211549352.jpg,dc73616291ecbe68063988e35ca989c86a57339e6f60fe4713625204ceddb6b1,,,,,,
band-dc7b47884056.jpg,PXL_20260410_211919879.jpg,dc7b478840568c30e3d5944734ffe30231f15aed98e404b32d9363bae604d945,,,,,,
band-dc895a965dfd.jpg,PXL_20260410_210335933.jpg,dc895a965dfd85e24e4128f11e7ec908a9360090b2dacdd49991645c0fcc076a,,,,,,
band-dd602f2a97dd.jpg,PXL_20260602_230826821.jpg,dd602f2a97dd1a5f50e41ab7e7f02be5f7c39212cec37de17fd27d19a3958d7a,,,,,,
band-ddbcaf13320b.jpg,PXL_20260419_182252031.jpg,ddbcaf13320b431b621c18ba3ca44e2ceffcfcbf2a383e56d75a5f4ebf74b249,,,,,,
band-dde86e3e281f.jpg,PXL_20260419_182313634.MP.jpg,dde86e3e281fdf073e648cb88a88076fc4198d1afa5c2bbc90345bfe7dce1296,,,,,,
band-ddfc9575ddae.jpg,PXL_20260419_182527862.jpg,ddfc9575ddae86826fc63dba8df84d1fe69cdfbad08b30c035e2f1cfe1479937,,,,,,
band-de610221a363.jpg,PXL_20260410_210558980.jpg,de610221a363a974f42330a03f5c7aa09cced354a1ecdfdf80a86b2e8e977544,,,,,,
band-decf8a46bf15.jpg,PXL_20260410_210722839.jpg,decf8a46bf15135465be2e094dda0b13b801ee544b0fd9cc4e511f7bb631c456,,,,,,
band-df13128b795f.jpg,PXL_20260410_212018983.MP.jpg,df13128b795f4ac0f16513dd45381f1e13a4d05eb04ae477d5a6c74fc366db4a,,,,,,
band-dfd1dac9b6ff.jpg,PXL_20260410_211854776.MP.jpg,dfd1dac9b6ffa7b98a8a04d73cd1e44bcb5896739f5d31d5da752b6f41330f23,,,,,,
band-dfff0b9f6f86.jpg,PXL_20260410_212100512.jpg,dfff0b9f6f861c360b2035dd162a8418d4507f616901f56bd91bfd81b64199d5,,,,,,
band-e03be4074e49.jpg,PXL_20260410_211257556.MP.jpg,e03be4074e490aac556df4107552763df4d03b5ea2c4fde3f56339808c92df41,,,,,,
band-e053cf4f0fa0.jpg,PXL_20260415_214325405.jpg,e053cf4f0fa046f3ce9b404dd139bd473a90c4b768c81b5b6906b7e73eb55260,,,,,,
band-e22866f7fa99.jpg,PXL_20260528_222618492.jpg,e22866f7fa99ccfdf1817b5d4e1f974623982f89d5dbfab4a3f60321e8873532,,,,,,
band-e2bbcde8e65a.jpg,PXL_20260410_210622400.MP.jpg,e2bbcde8e65a40a97f63d3c3c7a4bb8efad8e37f6ffb3ddc18813653dd2ba2ef,,,,,,
band-e2e30b6d5738.jpg,PXL_20260410_210635771.MP.jpg,e2e30b6d5738b4f4d08cf7582a4169a66e83ae9d94ea2078144c1b74dd1c8a45,,,,,,
band-e30f82ff0479.jpg,PXL_20260410_211722295.jpg,e30f82ff04795b71065fca84d81896d3f4a9618b2cccd01dc74d59774cd142c9,,,,,,
band-e3c3e7f2f09a.jpg,PXL_20260410_211846166.MP.jpg,e3c3e7f2f09a2127d527a49ad9120b874004ef284fbe33d497b1648b4ae23bce,,,,,,
band-e66be8cb0e52.jpg,PXL_20260410_211712509.MP.jpg,e66be8cb0e52527d96ae7a0640c6a46adccce5dfe65ac7b66993c668a47a7cd3,,,,,,
band-e67f8315cd55.jpg,PXL_20260410_211036093.jpg,e67f8315cd558aaba652dca467b7005cd4d62b17ecce2bff8593949747e87457,,,,,,
band-e9c633823b75.jpg,PXL_20260410_211323896.jpg,e9c633823b75ea394aeb19bec8364e18ce082d6ae8757308ea5086be5b51d70a,,,,,,
band-eada3ead49d8.jpg,PXL_20260410_211819056.MP.jpg,eada3ead49d89038af349f57ec300f11817c03bacb5b21851f43a34e0d79eee9,,,,,,
band-ecbc10b9a8b0.jpg,PXL_20260410_210313082.jpg,ecbc10b9a8b0ff34c212f07d12c2db84ce669f68542f53ddf1bda5c416d851d8,,,,,,
band-edc61e89490d.jpg,PXL_20260419_182430998.MP.jpg,edc61e89490d421c08f1df4b0de541f11bb256ece808da535ab4ae77d1fa7db8,,,,,,
band-edf408a15554.jpg,PXL_20260419_182519322.jpg,edf408a15554b6040f535775822c200b3012177c8f47247c45a86ad460b599d4,,,,,,
band-ee2f7edee769.jpg,PXL_20260528_222600254.jpg,ee2f7edee7693c00673e9c960fcf99b354a332e2fa4b6d6dff700b41c08d6de5,,,,,,
band-eeeb11eaed5f.jpg,PXL_20260410_211155289.jpg,eeeb11eaed5ff7ecfc3a693ea75ecc3ba3993f67e5db3fdc690f0a46abd7c899,,,,,,
band-ef0335daa0f1.jpg,PXL_20260410_210747885.jpg,ef0335daa0f1bf33c6b8f86662b61182d6dab7d22ad2423b24efc21cafc8a729,,,,,,
band-f02a92cefaa4.jpg,PXL_20260410_211850665.jpg,f02a92cefaa45057cdcdbd0183e1e78846c17254eb6ee61e2b8df4183c978960,,,,,,
band-f06cfe699621.jpg,PXL_20260410_211040939.jpg,f06cfe6996216e23980a9091719e5d1fa6d7454dd282569c9df7ed7f9f10249d,,,,,,
band-f14d7352de3a.jpg,PXL_20260419_182218994.jpg,f14d7352de3a9f5cdffe2a87b3c51c3623343086101cc9b60b378003269eb8ec,,,,,,
band-f3a828769561.jpg,PXL_20260410_210821943.jpg,f3a82876956158456fbe1d76f624d48adfb06fe63c38222c6347d4e073683fbb,,,,,,
band-f3a9cccb9780.jpg,PXL_20260410_210749376.jpg,f3a9cccb9780a9c4ee8b9c50c441fa481a1fae3ee199bcf607c4f8066c810988,,,,,,
band-f3d9a59b997a.jpg,PXL_20260410_211038741.MP.jpg,f3d9a59b997aadea13c7f1867ea5bfaa31774e187279886fbed5a4c4371ab4b6,,,,,,
band-f3f7b1bfb153.jpg,PXL_20260527_212131137.jpg,f3f7b1bfb153ca9e874876e6dd2f7f234f8a4af4bc8622d106aae7f3f10c6ad0,,,,,,
band-f5d1034e3195.jpg,PXL_20260410_210546232.MP.jpg,f5d1034e3195a58def527fb0f0bc37b56373b90f8edba62c4dd10d7e8cff02da,,,,,,
band-f7b129610bb6.jpg,PXL_20260419_182504497.jpg,f7b129610bb6ef52366cad5f81f48c225fa3b834f88fa20f379c75e3436015ca,,,,,,
band-f7b8df46e91e.jpg,PXL_20260410_211629605.jpg,f7b8df46e91e41407086dbdeb7c5309eb12eda425ad028751368c70c097533be,,,,,,
band-f7ee1c156bb6.jpg,PXL_20260419_182534739.jpg,f7ee1c156bb6b1f6633f8d017f82e8323552d071bac48e8b44f996f9a8ce5b6e,,,,,,
band-f7fd49b71c45.jpg,PXL_20260415_214348324.jpg,f7fd49b71c455c9c5c2e4b6f592a9f2dbfa622bec1a924b4340735f6fb34e6c3,,,,,,
band-f81831b66f25.jpg,PXL_20260410_211709080.jpg,f81831b66f25cd48a6fd70bfb3a974f4012f69bdc78f8c11043880a3bc0f1692,,,,,,
band-f8fa4b900e54.jpg,PXL_20260410_211230475.jpg,f8fa4b900e542fea86677c0e66697127fc344311add66679f8dfcae3aeecd6d4,,,,,,
band-fb32e169d80f.jpg,PXL_20260419_182254895.MP.jpg,fb32e169d80f373b2662295402c998b7f88addbaf6d5bb2b5c99ed6f06b9030e,,,,,,
band-fb427d557162.jpg,PXL_20260410_211526473.MP.jpg,fb427d55716211445e5fd54561f6e094a85ba4b4712597cb5c3223bd305be8dd,,,,,,
band-fb757fb25e4f.jpg,PXL_20260410_210654446.jpg,fb757fb25e4f7e4fcd5a5fe4b618c8b34db4801d6b8f215122ebe725d382231d,,,,,,
band-fc3762ba23ab.jpg,PXL_20260410_210739671.jpg,fc3762ba23abe4c5e73332d954792d3f3426f547bb64215bae7ccd893a54f253,,,,,,
band-fe56f64e010d.jpg,PXL_20260419_182319541.MP.jpg,fe56f64e010d4d44f282971109038da54895d9c4332ec1b2817d07ec1a19e5a2,,,,,,
band-fe6325249bbe.jpg,PXL_20260419_182404513.jpg,fe6325249bbed1472ac5635286391ebd300fc19e02911c993bf1c15550b6617d,,,,,,
band-fec746ceb9c8.jpg,PXL_20260410_211141298.MP.jpg,fec746ceb9c85c99a45e8bdaf9aa2776642c08bc6080974265b7b93543dd62cc,,,,,,
band-ffba23826bb7.jpg,PXL_20260527_212817097.jpg,ffba23826bb7bc74d5d9ae30b49fbc68f22f1a124ba11c0250005e98d721495a,,,,,,
